{"cameraMode":{"drawMode":0,"name":"Shaded","section":"Shading Mode"},"sceneLighting":true,"audioPlay":false,"sceneViewState":{"showFog":true,"showMaterialUpdate":false,"showSkybox":false,"showFlares":true,"showImageEffects":true,"showParticleSystems":true},"in2DMode":false,"pivot":{"x":-3.5762786865234377e-7,"y":3.2964842319488527,"z":0.05766952037811279},"rotation":{"x":0.04136465862393379,"y":-0.9584517478942871,"z":0.1896117478609085,"w":0.20909236371517182},"size":13.963669776916504,"orthographic":false}