{"cameraMode":{"drawMode":0,"name":"Shaded","section":"Shading Mode"},"sceneLighting":false,"audioPlay":false,"sceneViewState":{"showFog":true,"showMaterialUpdate":false,"showSkybox":false,"showFlares":true,"showImageEffects":true,"showParticleSystems":true},"in2DMode":false,"pivot":{"x":1.4901161193847657e-8,"y":1.463212013244629,"z":0.3747871518135071},"rotation":{"x":0.2524203956127167,"y":-0.030478592962026597,"z":0.007956285960972309,"w":0.9671086072921753},"size":0.47241055965423586,"orthographic":false}