{"cameraMode":{"drawMode":0,"name":"Shaded","section":"Shading Mode"},"sceneLighting":true,"audioPlay":false,"sceneViewState":{"showFog":true,"showMaterialUpdate":false,"showSkybox":true,"showFlares":true,"showImageEffects":true,"showParticleSystems":true},"in2DMode":false,"pivot":{"x":-0.028156936168670656,"y":4.464000225067139,"z":-12.814176559448243},"rotation":{"x":0.06523448973894119,"y":0.5502438545227051,"z":-0.04317809268832207,"w":0.83133864402771},"size":1.0079762935638428,"orthographic":false}