{"cameraMode":{"drawMode":0,"name":"Shaded","section":"Shading Mode"},"sceneLighting":false,"audioPlay":false,"sceneViewState":{"showFog":true,"showMaterialUpdate":false,"showSkybox":false,"showFlares":true,"showImageEffects":true,"showParticleSystems":true},"in2DMode":false,"pivot":{"x":-0.014078453183174134,"y":2.2720000743865969,"z":0.019999995827674867},"rotation":{"x":-0.03802433982491493,"y":0.9392618536949158,"z":-0.11069217324256897,"w":-0.32264769077301028},"size":32.89402389526367,"orthographic":false}