{"cameraMode":{"drawMode":0,"name":"Shaded","section":"Shading Mode"},"sceneLighting":true,"audioPlay":false,"sceneViewState":{"showFog":true,"showMaterialUpdate":false,"showSkybox":true,"showFlares":true,"showImageEffects":true,"showParticleSystems":true},"in2DMode":false,"pivot":{"x":-0.014078464359045029,"y":1.338305950164795,"z":0.5456222891807556},"rotation":{"x":0.2546096444129944,"y":-0.07823193073272705,"z":0.020671039819717408,"w":0.963656485080719},"size":22.0,"orthographic":false}